{
  "metadata": {
    "name": "Yang 1997",
    "method": "abeem",
    "publication": "10.1021/jp9711048"
  },
  "common":
  {
    "names": ["k"],
    "values": [2.66]
  },
  "atom":
  {
    "names": ["a", "b", "c"],
    "data":
            [
              {
                "key": ["H", "hbo", "1"],
                "value": [1.832, 5.525, 0.793]
              },
              {
                "key": ["C", "hbo", "1"],
                "value": [2.197, 3.484, 2.237]
              },
              {
                "key": ["C", "hbo", "2"],
                "value": [2.115, 3.485, 2.006]
              },
              {
                "key": ["O", "hbo", "1"],
                "value": [3.176, 6.295, 1.507]
              },
              {
                "key": ["O", "hbo", "2"],
                "value": [3.422, 6.081, 5.058]
              },
              {
                "key": ["N", "hbo", "1"],
                "value": [2.553, 4.513, 1.339]
              },
              {
                "key": ["N", "hbo", "2"],
                "value": [2.707, 3.851, 2.224]
              }
            ]
  },

  "bond":
  {
    "names": ["A", "B", "C", "D"],
    "data": [
      {
        "key": ["C", "plain", "*", "H", "plain", "*", "bo", "1"],
        "value": [3.389, 10.064, 2.419, 2.219]
      },
      {
        "key": ["N", "plain", "*", "H", "plain", "*", "bo", "1"],
        "value": [2.764, 5.597, 3.123, 2.273]
      },
      {
        "key": ["O", "plain", "*", "H", "plain", "*", "bo", "1"],
        "value": [5.527, 56.426, 7.565, 0.91]
      },
      {
        "key": ["C", "plain", "*", "C", "plain", "*", "bo", "1"],
        "value": [2.968, 5.391, 2.199, 2.199]
      },
      {
        "key": ["C", "plain", "*", "N", "plain", "*", "bo", "1"],
        "value": [5.457, 28.663, 3.74, 3.74]
      },
      {
        "key": ["C", "plain", "*", "O", "plain", "*", "bo", "1"],
        "value": [4.565, 26.068, 2.702, 2.702]
      },
      {
        "key": ["C", "plain", "*", "C", "plain", "*", "bo", "2"],
        "value": [3.532, 8.346, 2.841, 2.841]
      },
      {
        "key": ["C", "plain", "*", "N", "plain", "*", "bo", "2"],
        "value": [2.909, 4.348, 3.113, 3.113]
      },
      {
        "key": ["C", "plain", "*", "O", "plain", "*", "bo", "2"],
        "value": [6.832, 36.524, 3.829, 3.829]
      }
    ]
  }
}