{
  "metadata": {
    "name": "Abraham 1982",
    "method": "charge2",
    "publication": "10.1002/jcc.540030316"
  },
  "common":
  {
    "names": ["a1", "a2", "a3", "b", "c", "alpha"],
    "values": [40.4, 23.8, 21.0, 198.4, 5.0, 3.0]
  },

  "atom":
  {
    "names": ["chi", "P0", "q0"],
    "data":
    [
      {
        "key": ["H", "plain", "*"],
        "value": [7.17, 0.628, 0.034]
      },
      {
        "key": ["C", "plain", "*"],
        "value": [7.98, 1.056, -0.068]
      },
      {
        "key": ["N", "plain", "*"],
        "value": [11.54, 1.085, -0.264]
      },
      {
        "key": ["O", "plain", "*"],
        "value": [15.25, 0.912, -0.350]
      },
      {
        "key": ["F", "plain", "*"],
        "value": [16.96, 0.697, -0.222]
      },
      {
        "key": ["Cl", "plain", "*"],
        "value": [11.85, 1.518, -0.184]
      },
      {
        "key": ["Br", "plain", "*"],
        "value": [10.87, 1.885, -0.172]
      },
      {
        "key": ["I", "plain", "*"],
        "value": [9.99, 2.423, -0.144]
      }

    ]
  }
}