{
  "metadata": {
    "name": "Svobodova 2007 (cmet2)",
    "method": "eem",
    "publication": "10.3390/i8070572"
  },
  "common": {
    "names": ["kappa"],
    "values": [0.42]
  },
  "atom": {
    "names": ["A", "B"],
    "data": [
      {
        "key": ["C", "hbo", "1"],
        "value": [2.452, 0.593]
      },
      {
        "key": ["C", "hbo", "2"],
        "value": [2.462, 0.527]
      },
      {
        "key": ["Fe", "hbo", "0"],
        "value": [2.557, 0.061]
      },
      {
        "key": ["Fe", "hbo", "1"],
        "value": [2.557, 0.061]
      },
      {
        "key": ["H", "hbo", "1"],
        "value": [2.386, 0.937]
      },
      {
        "key": ["N", "hbo", "1"],
        "value": [2.55, 0.663]
      },
      {
        "key": ["N", "hbo", "2"],
        "value": [2.547, 0.639]
      },
      {
        "key": ["O", "hbo", "1"],
        "value": [2.624, 0.847]
      },
      {
        "key": ["O", "hbo", "2"],
        "value": [2.567, 0.622]
      },
      {
        "key": ["S", "hbo", "1"],
        "value": [2.424, 0.4]
      },
      {
        "key": ["Zn", "hbo", "0"],
        "value": [2.378, 0.259]
      },
      {
        "key": ["Zn", "hbo", "1"],
        "value": [2.378, 0.259]
      }
    ]
  }
}