{
  "metadata": {
    "name": "Bultinck 2002 (CHELPG)",
    "method": "eem",
    "publication": "10.1021/jp020547v"
  },
  "common": {
    "names": ["kappa"],
    "values": [0.529177249]
  },
  "atom": {
    "names": ["A", "B"],
    "data": [
      {
        "key": ["C", "plain", "*"],
        "value": [0.10179558593, 0.64825781076]
      },
      {
        "key": ["F", "plain", "*"],
        "value": [0.36308317292000003, 1.43542800954]
      },
      {
        "key": ["H", "plain", "*"],
        "value": [0.036749309, 1.12379386922]
      },
      {
        "key": ["N", "plain", "*"],
        "value": [0.23188813979, 0.6636925205399999]
      },
      {
        "key": ["O", "plain", "*"],
        "value": [1.24727154746, 2.61434584226]
      }
    ]
  }
}