{
  "metadata": {
    "name": "Svobodova 2007 (cbeg2)",
    "method": "eem",
    "publication": "10.3390/i8070572"
  },
  "common": {
    "names": ["kappa"],
    "values": [0.44]
  },
  "atom": {
    "names": ["A", "B"],
    "data": [
      {
        "key": ["C", "hbo", "1"],
        "value": [2.459, 0.611]
      },
      {
        "key": ["C", "hbo", "2"],
        "value": [2.464, 0.565]
      },
      {
        "key": ["H", "hbo", "1"],
        "value": [2.396, 0.959]
      },
      {
        "key": ["N", "hbo", "1"],
        "value": [2.597, 0.79]
      },
      {
        "key": ["N", "hbo", "2"],
        "value": [2.554, 0.611]
      },
      {
        "key": ["O", "hbo", "1"],
        "value": [2.625, 0.858]
      },
      {
        "key": ["O", "hbo", "2"],
        "value": [2.58, 0.691]
      },
      {
        "key": ["S", "hbo", "1"],
        "value": [2.407, 0.491]
      }
    ]
  }
}