{
  "metadata": {
    "name": "Bultinck 2004 (AIM)",
    "method": "eem",
    "publication": "10.1021/jp046928l"
  },
  "common": {
    "names": ["kappa"],
    "values": [0.529177249]
  },
  "atom": {
    "names": ["A", "B"],
    "data": [
      {
        "key": ["C", "plain", "*"],
        "value": [0.06504627693000001, 0.67912723032]
      },
      {
        "key": ["F", "plain", "*"],
        "value": [2.3093265775600003, 3.3846113589]
      },
      {
        "key": ["H", "plain", "*"],
        "value": [0.036749309, 1.51186657226]
      },
      {
        "key": ["N", "plain", "*"],
        "value": [0.5438897732000001, 0.7893751573200001]
      },
      {
        "key": ["O", "plain", "*"],
        "value": [1.08263464314, 1.1649530953]
      }
    ]
  }
}