{
  "metadata": {
    "name": "Bultinck 2002 (NPA)",
    "method": "eem",
    "publication": "10.1021/jp020547v"
  },
  "common": {
    "names": ["kappa"],
    "values": [0.529177249]
  },
  "atom": {
    "names": ["A", "B"],
    "data": [
      {
        "key": ["C", "plain", "*"],
        "value": [0.31200163341000003, 0.6725123547]
      },
      {
        "key": ["F", "plain", "*"],
        "value": [1.43983792662, 3.2412890538]
      },
      {
        "key": ["H", "plain", "*"],
        "value": [0.036749309, 0.71440656696]
      },
      {
        "key": ["N", "plain", "*"],
        "value": [0.49427820605, 0.7820252955200001]
      },
      {
        "key": ["O", "plain", "*"],
        "value": [0.99443630154, 1.44277787134]
      }
    ]
  }
}