{
  "metadata": {
    "name": "Geidl 2015 (Cheminf_hf_npa)",
    "method": "eem",
    "publication": "10.1186/s13321-015-0107-1"
  },
  "common": {
    "names": ["kappa"],
    "values": [0.2399]
  },
  "atom": {
    "names": ["A", "B"],
    "data": [
      {
        "key": ["Br", "hbo", "1"],
        "value": [2.44, 0.6527]
      },
      {
        "key": ["C", "hbo", "1"],
        "value": [2.4887, 0.3054]
      },
      {
        "key": ["C", "hbo", "2"],
        "value": [2.4975, 0.2961]
      },
      {
        "key": ["C", "hbo", "3"],
        "value": [2.4613, 0.3176]
      },
      {
        "key": ["Cl", "hbo", "1"],
        "value": [2.5225, 0.7933]
      },
      {
        "key": ["F", "hbo", "1"],
        "value": [3.0211, 1.1977]
      },
      {
        "key": ["H", "hbo", "1"],
        "value": [2.3915, 0.6277]
      },
      {
        "key": ["I", "hbo", "1"],
        "value": [2.3274, 0.9211]
      },
      {
        "key": ["N", "hbo", "1"],
        "value": [2.5943, 0.392]
      },
      {
        "key": ["N", "hbo", "2"],
        "value": [2.55, 0.2781]
      },
      {
        "key": ["N", "hbo", "3"],
        "value": [2.5334, 0.3718]
      },
      {
        "key": ["O", "hbo", "1"],
        "value": [2.6399, 0.3945]
      },
      {
        "key": ["O", "hbo", "2"],
        "value": [2.6505, 0.3819]
      },
      {
        "key": ["P", "hbo", "1"],
        "value": [2.3929, 0.1732]
      },
      {
        "key": ["P", "hbo", "2"],
        "value": [2.1741, 0.3192]
      },
      {
        "key": ["S", "hbo", "1"],
        "value": [2.4471, 0.2396]
      },
      {
        "key": ["S", "hbo", "2"],
        "value": [2.4906, 0.195]
      }
    ]
  }
}