{
  "metadata": {
    "name": "Ionescu 2013 (EX-NPA_6-31Gd_gas)",
    "method": "eem",
    "publication": "10.1021/ci400448n",
    "source": "protein"
  },
  "common": {
    "names": ["kappa"],
    "values": [0.006]
  },
  "atom": {
    "names": ["A", "B"],
    "data": [
      {
        "key": ["C", "hbo", "1"],
        "value": [2.461479, 0.007989]
      },
      {
        "key": ["C", "hbo", "2"],
        "value": [2.461306, 0.007458]
      },
      {
        "key": ["Ca", "hbo", "1"],
        "value": [2.476347, -0.00569]
      },
      {
        "key": ["Ca", "hbo", "2"],
        "value": [2.476347, -0.00569]
      },
      {
        "key": ["H", "hbo", "1"],
        "value": [2.45861, 0.014507]
      },
      {
        "key": ["N", "hbo", "1"],
        "value": [2.465674, 0.012741]
      },
      {
        "key": ["N", "hbo", "2"],
        "value": [2.4712, 0.01887]
      },
      {
        "key": ["O", "hbo", "1"],
        "value": [2.474167, 0.019116]
      },
      {
        "key": ["O", "hbo", "2"],
        "value": [2.468066, 0.012398]
      },
      {
        "key": ["S", "hbo", "1"],
        "value": [2.474621, -0.033915]
      }
    ]
  }
}
