{
  "metadata": {
    "name": "Svobodova 2007 (chm2)",
    "method": "eem",
    "publication": "10.3390/i8070572"
  },
  "common": {
    "names": ["kappa"],
    "values": [0.55]
  },
  "atom": {
    "names": ["A", "B"],
    "data": [
      {
        "key": ["Br", "hbo", "1"],
        "value": [2.494, 1.315]
      },
      {
        "key": ["C", "hbo", "1"],
        "value": [2.476, 0.772]
      },
      {
        "key": ["C", "hbo", "2"],
        "value": [2.495, 0.704]
      },
      {
        "key": ["Cl", "hbo", "1"],
        "value": [2.759, 2.092]
      },
      {
        "key": ["F", "hbo", "1"],
        "value": [2.032, 2.985]
      },
      {
        "key": ["Fe", "hbo", "0"],
        "value": [2.575, 0.087]
      },
      {
        "key": ["Fe", "hbo", "1"],
        "value": [2.575, 0.087]
      },
      {
        "key": ["H", "hbo", "1"],
        "value": [2.394, 1.212]
      },
      {
        "key": ["I", "hbo", "1"],
        "value": [2.454, 1.387]
      },
      {
        "key": ["N", "hbo", "1"],
        "value": [2.597, 0.835]
      },
      {
        "key": ["N", "hbo", "2"],
        "value": [2.6, 0.79]
      },
      {
        "key": ["O", "hbo", "1"],
        "value": [2.676, 1.077]
      },
      {
        "key": ["O", "hbo", "2"],
        "value": [2.622, 0.85]
      },
      {
        "key": ["S", "hbo", "1"],
        "value": [2.44, 0.665]
      },
      {
        "key": ["Zn", "hbo", "0"],
        "value": [2.422, 0.301]
      },
      {
        "key": ["Zn", "hbo", "1"],
        "value": [2.422, 0.301]
      }
    ]
  }
}