{
  "metadata": {
    "name": "Ionescu 2013 (EX-NPA_6-31Gd_PCM)",
    "method": "eem",
    "publication": "10.1021/ci400448n",
    "source": "protein"
  },
  "common": {
    "names": ["kappa"],
    "values": [0.007]
  },
  "atom": {
    "names": ["A", "B"],
    "data": [
      {
        "key": ["C", "hbo", "1"],
        "value": [2.463098, 0.009361]
      },
      {
        "key": ["C", "hbo", "2"],
        "value": [2.463095, 0.008598]
      },
      {
        "key": ["Ca", "hbo", "1"],
        "value": [2.440734, 0.016986]
      },
      {
        "key": ["Ca", "hbo", "2"],
        "value": [2.440734, 0.016986]
      },
      {
        "key": ["H", "hbo", "1"],
        "value": [2.459141, 0.019098]
      },
      {
        "key": ["N", "hbo", "1"],
        "value": [2.467523, 0.014287]
      },
      {
        "key": ["N", "hbo", "2"],
        "value": [2.478206, 0.029854]
      },
      {
        "key": ["O", "hbo", "1"],
        "value": [2.475983, 0.019005]
      },
      {
        "key": ["O", "hbo", "2"],
        "value": [2.468289, 0.010987]
      },
      {
        "key": ["S", "hbo", "1"],
        "value": [2.479335, -0.061938]
      }
    ]
  }
}
