{
  "metadata": {
    "name": "Cho 2001",
    "method": "gdac",
    "publication": "10.1021/jp0023213"
  },

  "atom":
  {
    "names": ["A", "B"],
    "data":
            [
              {
                "key": ["H", "hbo", "1"],
                "value": [2.648, 0.429]
              },
              {
                "key": ["C", "hbo", "1"],
                "value": [2.810, 0.432]
              },
               {
                "key": ["C", "hbo", "2"],
                "value": [2.382, 22.999]
              },
               {
                "key": ["N", "hbo", "1"],
                "value": [2.811, -2.470]
              },
              {
                "key": ["N", "hbo", "2"],
                "value": [3.093, -0.810]
              },
              {
                "key": ["O", "hbo", "1"],
                "value": [3.353, 0.953]
              },
              {
                "key": ["O", "hbo", "2"],
                "value": [5.727, 0.646]
              },
              {
                "key": ["S", "hbo", "1"],
                "value": [3.354, 1.712]
              }
            ]
  }
}