{
  "metadata": {
    "name": "Gasteiger 1980",
    "method": "peoe",
    "publication": "10.1016/0040-4020(80)80168-2"
  },
  "common":
  {
    "names": ["dampH"],
    "values": [20.02]
  },

  "atom":
  {
    "names": ["A", "B", "C"],
    "data":
            [
              {
                "key": ["H", "hbo", "1"],
                "value": [7.17, 6.24, -0.56]
              },
              {
                "key": ["C", "hbo", "1"],
                "value": [7.98, 9.18, 1.88]
              },
               {
                "key": ["C", "hbo", "2"],
                "value": [8.79, 9.32, 1.51]
              },
               {
                "key": ["C", "hbo", "3"],
                "value": [10.39, 9.45, 0.73]
              },
               {
                "key": ["N", "hbo", "1"],
                "value": [11.54, 10.82, 1.36]
              },
              {
                "key": ["N", "hbo", "2"],
                "value": [12.87, 11.15, 0.85]
              },
              {
                "key": ["N", "hbo", "3"],
                "value": [15.68, 11.7, -0.27]
              },
              {
                "key": ["O", "hbo", "1"],
                "value": [14.18, 12.92, 1.39]
              },
              {
                "key": ["O", "hbo", "2"],
                "value": [17.07, 13.79, 0.47]
              },

               {
                "key": ["F", "hbo", "1"],
                "value": [14.66, 13.85, 2.31]
              },
              {
                "key": ["Cl", "hbo", "1"],
                "value": [11.00, 9.69, 1.35]
              },
              {
                "key": ["Br", "hbo", "1"],
                "value": [10.08, 8.47, 1.16]
              },
              {
                "key": ["I", "hbo", "1"],
                "value": [9.90, 7.96, 0.96]
              },
              {
                "key": ["S", "hbo", "1"],
                "value": [10.14, 9.13, 1.38]
              }
            ]
  }
}