{
  "metadata": {
    "method": "sqeq0",
    "name": "Schindler 2021 (CCD_gen)",
    "publication": "10.1186/s13321-021-00528-w"
  },
  "atom": {
    "names": ["electronegativity", "hardness", "width"],
    "data": [
      {
        "key": ["Br", "hbo", "1"],
        "value": [-7.8102, 194.6774, -202.3055]
      },
      {
        "key": ["C", "hbo", "1"],
        "value": [-7.1882, 0.6589, 0.8363]
      },
      {
        "key": ["C", "hbo", "2"],
        "value": [-5.8337, 0.9941, 0.2793]
      },
      {
        "key": ["C", "hbo", "3"],
        "value": [-3.9908, 1.0323, -0.1431]
      },
      {
        "key": ["Cl", "hbo", "1"],
        "value": [-6.022, 136.1591, 3.4833]
      },
      {
        "key": ["F", "hbo", "1"],
        "value": [3.9723, 30.0494, 165.9552]
      },
      {
        "key": ["H", "hbo", "1"],
        "value": [-8.0704, 116.1069, 1.4774]
      },
      {
        "key": ["N", "hbo", "1"],
        "value": [-5.2235, 1.2678, 0.3129]
      },
      {
        "key": ["N", "hbo", "2"],
        "value": [43.7321, 5.6882, 0.9324]
      },
      {
        "key": ["N", "hbo", "3"],
        "value": [3.1768, 10.5031, 178.049]
      },
      {
        "key": ["O", "hbo", "1"],
        "value": [40.2676, -8.2281, -0.0]
      },
      {
        "key": ["O", "hbo", "2"],
        "value": [48.532, 51.7808, 182.375]
      },
      {
        "key": ["P", "hbo", "2"],
        "value": [-39.0967, 4.3975, -0.5018]
      },
      {
        "key": ["S", "hbo", "1"],
        "value": [-7.559, 0.7245, -1.156]
      },
      {
        "key": ["S", "hbo", "2"],
        "value": [-5.7429, -1.3299, -1.12]
      }
    ]
  },
  "bond": {
    "names": ["kappa"],
    "data": [
      {
        "key": ["Br", "hbo", "1", "C", "hbo", "1", "bo", "1"],
        "value": [378.2924]
      },
      {
        "key": ["Br", "hbo", "1", "C", "hbo", "2", "bo", "1"],
        "value": [-175.1879]
      },
      {
        "key": ["C", "hbo", "1", "C", "hbo", "1", "bo", "1"],
        "value": [127.758]
      },
      {
        "key": ["C", "hbo", "1", "C", "hbo", "2", "bo", "1"],
        "value": [434.5099]
      },
      {
        "key": ["C", "hbo", "1", "C", "hbo", "3", "bo", "1"],
        "value": [226.6175]
      },
      {
        "key": ["C", "hbo", "1", "Cl", "hbo", "1", "bo", "1"],
        "value": [267.9156]
      },
      {
        "key": ["C", "hbo", "1", "F", "hbo", "1", "bo", "1"],
        "value": [-0.7356]
      },
      {
        "key": ["C", "hbo", "1", "H", "hbo", "1", "bo", "1"],
        "value": [-111.6482]
      },
      {
        "key": ["C", "hbo", "1", "N", "hbo", "1", "bo", "1"],
        "value": [9.7166]
      },
      {
        "key": ["C", "hbo", "1", "N", "hbo", "2", "bo", "1"],
        "value": [296.221]
      },
      {
        "key": ["C", "hbo", "1", "O", "hbo", "1", "bo", "1"],
        "value": [179.5408]
      },
      {
        "key": ["C", "hbo", "1", "P", "hbo", "2", "bo", "1"],
        "value": [105.0702]
      },
      {
        "key": ["C", "hbo", "1", "S", "hbo", "1", "bo", "1"],
        "value": [3.4266]
      },
      {
        "key": ["C", "hbo", "1", "S", "hbo", "2", "bo", "1"],
        "value": [18.9009]
      },
      {
        "key": ["C", "hbo", "2", "C", "hbo", "2", "bo", "1"],
        "value": [3.023]
      },
      {
        "key": ["C", "hbo", "2", "C", "hbo", "2", "bo", "2"],
        "value": [1.7226]
      },
      {
        "key": ["C", "hbo", "2", "C", "hbo", "3", "bo", "1"],
        "value": [160.0324]
      },
      {
        "key": ["C", "hbo", "2", "Cl", "hbo", "1", "bo", "1"],
        "value": [-128.6984]
      },
      {
        "key": ["C", "hbo", "2", "F", "hbo", "1", "bo", "1"],
        "value": [-2.3867]
      },
      {
        "key": ["C", "hbo", "2", "H", "hbo", "1", "bo", "1"],
        "value": [-105.5996]
      },
      {
        "key": ["C", "hbo", "2", "N", "hbo", "1", "bo", "1"],
        "value": [4.126]
      },
      {
        "key": ["C", "hbo", "2", "N", "hbo", "2", "bo", "1"],
        "value": [230.7923]
      },
      {
        "key": ["C", "hbo", "2", "N", "hbo", "2", "bo", "2"],
        "value": [167.4254]
      },
      {
        "key": ["C", "hbo", "2", "O", "hbo", "1", "bo", "1"],
        "value": [215.0471]
      },
      {
        "key": ["C", "hbo", "2", "O", "hbo", "2", "bo", "2"],
        "value": [40.8079]
      },
      {
        "key": ["C", "hbo", "2", "P", "hbo", "2", "bo", "1"],
        "value": [119.0144]
      },
      {
        "key": ["C", "hbo", "2", "S", "hbo", "1", "bo", "1"],
        "value": [8.9584]
      },
      {
        "key": ["C", "hbo", "2", "S", "hbo", "2", "bo", "1"],
        "value": [26.0136]
      },
      {
        "key": ["C", "hbo", "2", "S", "hbo", "2", "bo", "2"],
        "value": [2.6096]
      },
      {
        "key": ["C", "hbo", "3", "C", "hbo", "3", "bo", "1"],
        "value": [34.3529]
      },
      {
        "key": ["C", "hbo", "3", "C", "hbo", "3", "bo", "3"],
        "value": [1.5707]
      },
      {
        "key": ["C", "hbo", "3", "H", "hbo", "1", "bo", "1"],
        "value": [-99.3302]
      },
      {
        "key": ["C", "hbo", "3", "N", "hbo", "2", "bo", "1"],
        "value": [525.076]
      },
      {
        "key": ["C", "hbo", "3", "N", "hbo", "3", "bo", "3"],
        "value": [12.6692]
      },
      {
        "key": ["C", "hbo", "3", "O", "hbo", "1", "bo", "1"],
        "value": [255.9153]
      },
      {
        "key": ["C", "hbo", "3", "S", "hbo", "1", "bo", "1"],
        "value": [17.6729]
      },
      {
        "key": ["F", "hbo", "1", "P", "hbo", "2", "bo", "1"],
        "value": [33.863]
      },
      {
        "key": ["F", "hbo", "1", "S", "hbo", "2", "bo", "1"],
        "value": [2.0137]
      },
      {
        "key": ["H", "hbo", "1", "N", "hbo", "1", "bo", "1"],
        "value": [-108.8648]
      },
      {
        "key": ["H", "hbo", "1", "N", "hbo", "2", "bo", "1"],
        "value": [0.6811]
      },
      {
        "key": ["H", "hbo", "1", "O", "hbo", "1", "bo", "1"],
        "value": [6.5464]
      },
      {
        "key": ["H", "hbo", "1", "P", "hbo", "2", "bo", "1"],
        "value": [178.5261]
      },
      {
        "key": ["H", "hbo", "1", "S", "hbo", "1", "bo", "1"],
        "value": [-112.7837]
      },
      {
        "key": ["H", "hbo", "1", "S", "hbo", "2", "bo", "1"],
        "value": [485.4062]
      },
      {
        "key": ["N", "hbo", "1", "N", "hbo", "1", "bo", "1"],
        "value": [187.9187]
      },
      {
        "key": ["N", "hbo", "1", "N", "hbo", "2", "bo", "1"],
        "value": [724.0722]
      },
      {
        "key": ["N", "hbo", "1", "O", "hbo", "1", "bo", "1"],
        "value": [516.2817]
      },
      {
        "key": ["N", "hbo", "1", "P", "hbo", "2", "bo", "1"],
        "value": [64.4451]
      },
      {
        "key": ["N", "hbo", "1", "S", "hbo", "2", "bo", "1"],
        "value": [16.174]
      },
      {
        "key": ["N", "hbo", "2", "N", "hbo", "2", "bo", "1"],
        "value": [77.4561]
      },
      {
        "key": ["N", "hbo", "2", "N", "hbo", "2", "bo", "2"],
        "value": [23.8296]
      },
      {
        "key": ["N", "hbo", "2", "O", "hbo", "1", "bo", "1"],
        "value": [8.3383]
      },
      {
        "key": ["N", "hbo", "2", "O", "hbo", "2", "bo", "2"],
        "value": [-29.9775]
      },
      {
        "key": ["N", "hbo", "2", "P", "hbo", "2", "bo", "1"],
        "value": [167.1228]
      },
      {
        "key": ["N", "hbo", "2", "S", "hbo", "1", "bo", "1"],
        "value": [115.0532]
      },
      {
        "key": ["N", "hbo", "2", "S", "hbo", "2", "bo", "1"],
        "value": [169.8194]
      },
      {
        "key": ["N", "hbo", "2", "S", "hbo", "2", "bo", "2"],
        "value": [60.7784]
      },
      {
        "key": ["O", "hbo", "1", "O", "hbo", "1", "bo", "1"],
        "value": [155.0783]
      },
      {
        "key": ["O", "hbo", "1", "P", "hbo", "2", "bo", "1"],
        "value": [172.7711]
      },
      {
        "key": ["O", "hbo", "1", "S", "hbo", "1", "bo", "1"],
        "value": [146.6023]
      },
      {
        "key": ["O", "hbo", "1", "S", "hbo", "2", "bo", "1"],
        "value": [184.9815]
      },
      {
        "key": ["O", "hbo", "2", "P", "hbo", "2", "bo", "2"],
        "value": [28.3762]
      },
      {
        "key": ["O", "hbo", "2", "S", "hbo", "2", "bo", "2"],
        "value": [13.6534]
      },
      {
        "key": ["P", "hbo", "2", "S", "hbo", "1", "bo", "1"],
        "value": [272.6374]
      },
      {
        "key": ["P", "hbo", "2", "S", "hbo", "2", "bo", "2"],
        "value": [61.672]
      },
      {
        "key": ["S", "hbo", "1", "S", "hbo", "1", "bo", "1"],
        "value": [106.5892]
      }
    ]
  }
}