{
  "metadata": {
    "name": "Bultinck 2002 (MK)",
    "method": "eem",
    "publication": "10.1021/jp020547v"
  },
  "common": {
    "names": ["kappa"],
    "values": [0.529177249]
  },
  "atom": {
    "names": ["A", "B"],
    "data": [
      {
        "key": ["C", "plain", "*"],
        "value": [0.11576032335, 0.61444844648]
      },
      {
        "key": ["F", "plain", "*"],
        "value": [0.31089915414, 1.25903132634]
      },
      {
        "key": ["H", "plain", "*"],
        "value": [0.036749309, 1.0510302374]
      },
      {
        "key": ["N", "plain", "*"],
        "value": [0.20138621332, 0.6431129075]
      },
      {
        "key": ["O", "plain", "*"],
        "value": [0.9683442921500001, 2.13586983908]
      }
    ]
  }
}