{
  "metadata": {
    "name": "Bultinck 2002 (Mulliken)",
    "method": "eem",
    "publication": "10.1021/jp020547v"
  },
  "common": {
    "names": ["kappa"],
    "values": [0.529177249]
  },
  "atom": {
    "names": ["A", "B"],
    "data": [
      {
        "key": ["C", "plain", "*"],
        "value": [0.19330136534, 0.661487562]
      },
      {
        "key": ["F", "plain", "*"],
        "value": [0.5512396350000001, 1.45306767786]
      },
      {
        "key": ["H", "plain", "*"],
        "value": [0.036749309, 1.3193001931]
      },
      {
        "key": ["N", "plain", "*"],
        "value": [0.32339391920000005, 0.69015202302]
      },
      {
        "key": ["O", "plain", "*"],
        "value": [0.5409498284800001, 1.05397018212]
      }
    ]
  }
}