{
  "metadata": {
    "name": "Racek 2016 (ccd2016_npa2)",
    "method": "eem",
    "publication": "10.1186/s13321-016-0171-1"
  },
  "common": {
    "names": ["kappa"],
    "values": [0.4024]
  },
  "atom": {
    "names": ["A", "B"],
    "data": [
      {
        "key": ["C", "hbo", "1"],
        "value": [2.5957, 0.5083]
      },
      {
        "key": ["C", "hbo", "2"],
        "value": [2.6029, 0.5021]
      },
      {
        "key": ["C", "hbo", "3"],
        "value": [2.5326, 0.5932]
      },
      {
        "key": ["O", "hbo", "1"],
        "value": [2.9496, 0.8264]
      },
      {
        "key": ["O", "hbo", "2"],
        "value": [2.8595, 0.6589]
      },
      {
        "key": ["H", "hbo", "1"],
        "value": [2.4598, 0.9120]
      },
      {
        "key": ["N", "hbo", "1"],
        "value": [2.7802, 0.7060]
      },
      {
        "key": ["N", "hbo", "2"],
        "value": [2.7141, 0.5366]
      },
      {
        "key": ["N", "hbo", "3"],
        "value": [2.6391, 0.5171]
      },
      {
        "key": ["F", "hbo", "1"],
        "value": [2.9165, 0.8427]
      },
      {
        "key": ["S", "hbo", "1"],
        "value": [2.5234, 0.3726]
      },
      {
        "key": ["S", "hbo", "2"],
        "value": [2.5334, 0.3519]
      },
      {
        "key": ["Cl", "hbo", "1"],
        "value": [2.5625, 0.9863]
      },
      {
        "key": ["P", "hbo", "2"],
        "value": [2.1712, 0.4802]
      },
      {
        "key": ["Br", "hbo", "1"],
        "value": [2.4772, 1.2131]
      }
    ]
  }
}