{
  "metadata": {
    "name": "Bultinck 2002 (Hirshfeld)",
    "method": "eem",
    "publication": "10.1021/jp020547v"
  },
  "common": {
    "names": ["kappa"],
    "values": [0.529177249]
  },
  "atom": {
    "names": ["A", "B"],
    "data": [
      {
        "key": ["C", "plain", "*"],
        "value": [0.08158346598, 0.73351620764]
      },
      {
        "key": ["F", "plain", "*"],
        "value": [0.43290686002, 3.16264553254]
      },
      {
        "key": ["H", "plain", "*"],
        "value": [0.036749309, 1.4192583135799999]
      },
      {
        "key": ["N", "plain", "*"],
        "value": [0.12899007459, 0.80774981182]
      },
      {
        "key": ["O", "plain", "*"],
        "value": [2.6371304138400005, 11.52384831622]
      }
    ]
  }
}