{
  "metadata": {
    "name": "Ionescu 2013 (EX-MPA_6-31Gd_PCM)",
    "method": "eem",
    "publication": "10.1021/ci400448n",
    "source": "protein"
  },
  "common": {
    "names": ["kappa"],
    "values": [0.01]
  },
  "atom": {
    "names": ["A", "B"],
    "data": [
      {
        "key": ["C", "hbo", "1"],
        "value": [2.460911, 0.013673]
      },
      {
        "key": ["C", "hbo", "2"],
        "value": [2.461527, 0.011537]
      },
      {
        "key": ["Ca", "hbo", "1"],
        "value": [2.477944, -0.00715]
      },
      {
        "key": ["Ca", "hbo", "2"],
        "value": [2.477944, -0.00715]
      },
      {
        "key": ["H", "hbo", "1"],
        "value": [2.456867, 0.023288]
      },
      {
        "key": ["N", "hbo", "1"],
        "value": [2.475357, 0.028809]
      },
      {
        "key": ["N", "hbo", "2"],
        "value": [2.482629, 0.037844]
      },
      {
        "key": ["O", "hbo", "1"],
        "value": [2.484772, 0.03517]
      },
      {
        "key": ["O", "hbo", "2"],
        "value": [2.472686, 0.023259]
      },
      {
        "key": ["S", "hbo", "1"],
        "value": [2.469758, 0.059584]
      }
    ]
  }
}
