{
  "metadata": {
    "name": "Racek 2016 (ccd2016_mpa2)",
    "method": "eem",
    "publication": "10.1186/s13321-016-0171-1"
  },
  "common": {
    "names": ["kappa"],
    "values": [0.4223]
  },
  "atom": {
    "names": ["A", "B"],
    "data": [
      {
        "key": ["C", "hbo", "1"],
        "value": [2.6781, 0.5757]
      },
      {
        "key": ["C", "hbo", "2"],
        "value": [2.6409, 0.5185]
      },
      {
        "key": ["C", "hbo", "3"],
        "value": [2.6288, 1.0764]
      },
      {
        "key": ["O", "hbo", "1"],
        "value": [2.8817, 0.8323]
      },
      {
        "key": ["O", "hbo", "2"],
        "value": [2.8380, 0.8651]
      },
      {
        "key": ["H", "hbo", "1"],
        "value": [2.4717, 1.0219]
      },
      {
        "key": ["N", "hbo", "1"],
        "value": [2.7909, 0.6583]
      },
      {
        "key": ["N", "hbo", "2"],
        "value": [2.7369, 0.6159]
      },
      {
        "key": ["N", "hbo", "3"],
        "value": [2.6485, 0.3329]
      },
      {
        "key": ["F", "hbo", "1"],
        "value": [2.8884, 0.9344]
      },
      {
        "key": ["S", "hbo", "1"],
        "value": [2.5638, 0.4007]
      },
      {
        "key": ["S", "hbo", "2"],
        "value": [2.5797, 0.3912]
      },
      {
        "key": ["Cl", "hbo", "1"],
        "value": [2.6033, 0.5536]
      },
      {
        "key": ["P", "hbo", "2"],
        "value": [2.2118, 0.6650]
      },
      {
        "key": ["Br", "hbo", "1"],
        "value": [2.5793, 1.2735]
      }
    ]
  }
}