{
  "metadata": {
    "name": "Racek 2016 (ccd2016_mpa)",
    "method": "eem",
    "publication": "10.1186/s13321-016-0171-1"
  },
  "common": {
    "names": ["kappa"],
    "values": [0.4824]
  },
  "atom": {
    "names": ["A", "B"],
    "data": [
      {
        "key": ["C", "hbo", "1"],
        "value": [2.6355, 0.6581]
      },
      {
        "key": ["C", "hbo", "2"],
        "value": [2.5757, 0.6064]
      },
      {
        "key": ["C", "hbo", "3"],
        "value": [2.6450, 0.5224]
      },
      {
        "key": ["O", "hbo", "1"],
        "value": [2.9968, 1.0821]
      },
      {
        "key": ["O", "hbo", "2"],
        "value": [2.7182, 0.7124]
      },
      {
        "key": ["H", "hbo", "1"],
        "value": [2.4331, 1.1921]
      },
      {
        "key": ["N", "hbo", "1"],
        "value": [2.9255, 0.9252]
      },
      {
        "key": ["N", "hbo", "2"],
        "value": [2.7453, 0.8787]
      },
      {
        "key": ["N", "hbo", "3"],
        "value": [2.6658, 0.8030]
      },
      {
        "key": ["F", "hbo", "1"],
        "value": [2.9005, 0.9686]
      },
      {
        "key": ["S", "hbo", "1"],
        "value": [2.4474, 0.4786]
      },
      {
        "key": ["S", "hbo", "2"],
        "value": [2.4355, 0.5112]
      },
      {
        "key": ["Cl", "hbo", "1"],
        "value": [2.3441, 1.8378]
      },
      {
        "key": ["P", "hbo", "2"],
        "value": [1.4233, 1.0786]
      },
      {
        "key": ["Br", "hbo", "1"],
        "value": [2.3586, 0.6996]
      }
    ]
  }
}