{
  "metadata": {
    "name": "Zhang 2009",
    "method": "smpqeq",
    "publication": "10.1021/jp8063273"
  },
  "atom":
  {
    "names" : ["first", "second", "third", "fourth"],
    "data": [
      {
        "key": ["Li", "plain", "*"],
        "value": [3.022, 3.243, 0.906, 0.057]
      },
      {
        "key": ["Na", "plain", "*"],
        "value": [2.882, 3.134, 0.676, -0.133]
      },
      {
        "key": ["K", "plain", "*"],
        "value": [2.442, 2.568, 0.533, -0.100]
      },
      {
        "key": ["Rb", "plain", "*"],
        "value": [2.314, 2.458, 0.504, -0.125]
      },
      {
        "key": ["Cu", "plain", "*"],
        "value": [5.278, 4.192, 0.381, 0.215]
      },
      {
        "key": ["Ag", "plain", "*"],
        "value": [5.136, 4.274, 0.410, -0.049]
      },
      {
        "key": ["Au", "plain", "*"],
        "value": [6.345, 4.079, 0.183, 0.125]
      },
      {
        "key": ["Al", "plain", "*"],
        "value": [3.800, 2.797, 0.128, 0.704]
      }
    ]
  }
}