{
  "metadata": {
    "method": "sqe",
    "name": "Schindler 2021 (CCD_gen)",
    "publication": "10.1186/s13321-021-00528-w"
  },
  "atom": {
    "names": ["electronegativity", "hardness", "width"],
    "data": [
      {
        "key": ["Br", "hbo", "1"],
        "value": [-0.799, 0.5072, 0.0035]
      },
      {
        "key": ["C", "hbo", "1"],
        "value": [-0.7308, 0.8371, 0.7725]
      },
      {
        "key": ["C", "hbo", "2"],
        "value": [-0.3214, 1.0418, 0.5412]
      },
      {
        "key": ["C", "hbo", "3"],
        "value": [-0.3297, 1.1501, 0.5122]
      },
      {
        "key": ["Cl", "hbo", "1"],
        "value": [-1.5043, 73.952, -1.8454]
      },
      {
        "key": ["F", "hbo", "1"],
        "value": [1.665, 3.4846, -0.0001]
      },
      {
        "key": ["H", "hbo", "1"],
        "value": [-1.1351, 36.3253, 0.8047]
      },
      {
        "key": ["N", "hbo", "1"],
        "value": [-0.0291, 1.2935, -0.3851]
      },
      {
        "key": ["N", "hbo", "2"],
        "value": [-0.0541, 0.9687, 0.6215]
      },
      {
        "key": ["N", "hbo", "3"],
        "value": [0.0126, -0.6195, 0.4488]
      },
      {
        "key": ["O", "hbo", "1"],
        "value": [0.3246, 1.4926, -0.0]
      },
      {
        "key": ["O", "hbo", "2"],
        "value": [0.5929, 0.3554, -0.6188]
      },
      {
        "key": ["P", "hbo", "2"],
        "value": [-1.7052, 1.0686, -0.6843]
      },
      {
        "key": ["S", "hbo", "1"],
        "value": [-0.9125, 0.7395, 0.8509]
      },
      {
        "key": ["S", "hbo", "2"],
        "value": [-0.3649, 0.1796, -0.8565]
      }
    ]
  },
  "bond": {
    "names": ["kappa"],
    "data": [
      {
        "key": ["Br", "hbo", "1", "C", "hbo", "1", "bo", "1"],
        "value": [1.6719]
      },
      {
        "key": ["Br", "hbo", "1", "C", "hbo", "2", "bo", "1"],
        "value": [3.7033]
      },
      {
        "key": ["C", "hbo", "1", "C", "hbo", "1", "bo", "1"],
        "value": [1.8338]
      },
      {
        "key": ["C", "hbo", "1", "C", "hbo", "2", "bo", "1"],
        "value": [752.1783]
      },
      {
        "key": ["C", "hbo", "1", "C", "hbo", "3", "bo", "1"],
        "value": [270.2756]
      },
      {
        "key": ["C", "hbo", "1", "Cl", "hbo", "1", "bo", "1"],
        "value": [82.9918]
      },
      {
        "key": ["C", "hbo", "1", "F", "hbo", "1", "bo", "1"],
        "value": [3.9429]
      },
      {
        "key": ["C", "hbo", "1", "H", "hbo", "1", "bo", "1"],
        "value": [-34.1068]
      },
      {
        "key": ["C", "hbo", "1", "N", "hbo", "1", "bo", "1"],
        "value": [2.2895]
      },
      {
        "key": ["C", "hbo", "1", "N", "hbo", "2", "bo", "1"],
        "value": [3.5148]
      },
      {
        "key": ["C", "hbo", "1", "O", "hbo", "1", "bo", "1"],
        "value": [2.0037]
      },
      {
        "key": ["C", "hbo", "1", "P", "hbo", "2", "bo", "1"],
        "value": [0.8359]
      },
      {
        "key": ["C", "hbo", "1", "S", "hbo", "1", "bo", "1"],
        "value": [0.9876]
      },
      {
        "key": ["C", "hbo", "1", "S", "hbo", "2", "bo", "1"],
        "value": [3.3269]
      },
      {
        "key": ["C", "hbo", "2", "C", "hbo", "2", "bo", "1"],
        "value": [1.0137]
      },
      {
        "key": ["C", "hbo", "2", "C", "hbo", "2", "bo", "2"],
        "value": [0.2659]
      },
      {
        "key": ["C", "hbo", "2", "C", "hbo", "3", "bo", "1"],
        "value": [4.1139]
      },
      {
        "key": ["C", "hbo", "2", "Cl", "hbo", "1", "bo", "1"],
        "value": [-3.5848]
      },
      {
        "key": ["C", "hbo", "2", "F", "hbo", "1", "bo", "1"],
        "value": [2.9692]
      },
      {
        "key": ["C", "hbo", "2", "H", "hbo", "1", "bo", "1"],
        "value": [-32.3036]
      },
      {
        "key": ["C", "hbo", "2", "N", "hbo", "1", "bo", "1"],
        "value": [1.314]
      },
      {
        "key": ["C", "hbo", "2", "N", "hbo", "2", "bo", "1"],
        "value": [0.9711]
      },
      {
        "key": ["C", "hbo", "2", "N", "hbo", "2", "bo", "2"],
        "value": [0.3952]
      },
      {
        "key": ["C", "hbo", "2", "O", "hbo", "1", "bo", "1"],
        "value": [1.225]
      },
      {
        "key": ["C", "hbo", "2", "O", "hbo", "2", "bo", "2"],
        "value": [1.7703]
      },
      {
        "key": ["C", "hbo", "2", "P", "hbo", "2", "bo", "1"],
        "value": [2.6218]
      },
      {
        "key": ["C", "hbo", "2", "S", "hbo", "1", "bo", "1"],
        "value": [2.4201]
      },
      {
        "key": ["C", "hbo", "2", "S", "hbo", "2", "bo", "1"],
        "value": [5.6728]
      },
      {
        "key": ["C", "hbo", "2", "S", "hbo", "2", "bo", "2"],
        "value": [0.3953]
      },
      {
        "key": ["C", "hbo", "3", "C", "hbo", "3", "bo", "1"],
        "value": [94.2473]
      },
      {
        "key": ["C", "hbo", "3", "C", "hbo", "3", "bo", "3"],
        "value": [0.1001]
      },
      {
        "key": ["C", "hbo", "3", "H", "hbo", "1", "bo", "1"],
        "value": [-32.8262]
      },
      {
        "key": ["C", "hbo", "3", "N", "hbo", "2", "bo", "1"],
        "value": [212.3702]
      },
      {
        "key": ["C", "hbo", "3", "N", "hbo", "3", "bo", "3"],
        "value": [2.337]
      },
      {
        "key": ["C", "hbo", "3", "O", "hbo", "1", "bo", "1"],
        "value": [1.0538]
      },
      {
        "key": ["C", "hbo", "3", "S", "hbo", "1", "bo", "1"],
        "value": [2.3983]
      },
      {
        "key": ["F", "hbo", "1", "P", "hbo", "2", "bo", "1"],
        "value": [2.1379]
      },
      {
        "key": ["F", "hbo", "1", "S", "hbo", "2", "bo", "1"],
        "value": [8.1711]
      },
      {
        "key": ["H", "hbo", "1", "N", "hbo", "1", "bo", "1"],
        "value": [-33.3806]
      },
      {
        "key": ["H", "hbo", "1", "N", "hbo", "2", "bo", "1"],
        "value": [-32.9348]
      },
      {
        "key": ["H", "hbo", "1", "O", "hbo", "1", "bo", "1"],
        "value": [-33.2946]
      },
      {
        "key": ["H", "hbo", "1", "P", "hbo", "2", "bo", "1"],
        "value": [-33.2441]
      },
      {
        "key": ["H", "hbo", "1", "S", "hbo", "1", "bo", "1"],
        "value": [-34.5193]
      },
      {
        "key": ["H", "hbo", "1", "S", "hbo", "2", "bo", "1"],
        "value": [320.4715]
      },
      {
        "key": ["N", "hbo", "1", "N", "hbo", "1", "bo", "1"],
        "value": [2.1276]
      },
      {
        "key": ["N", "hbo", "1", "N", "hbo", "2", "bo", "1"],
        "value": [0.5534]
      },
      {
        "key": ["N", "hbo", "1", "O", "hbo", "1", "bo", "1"],
        "value": [0.8069]
      },
      {
        "key": ["N", "hbo", "1", "P", "hbo", "2", "bo", "1"],
        "value": [1.5709]
      },
      {
        "key": ["N", "hbo", "1", "S", "hbo", "2", "bo", "1"],
        "value": [5.8551]
      },
      {
        "key": ["N", "hbo", "2", "N", "hbo", "2", "bo", "1"],
        "value": [106.1778]
      },
      {
        "key": ["N", "hbo", "2", "N", "hbo", "2", "bo", "2"],
        "value": [0.173]
      },
      {
        "key": ["N", "hbo", "2", "O", "hbo", "1", "bo", "1"],
        "value": [0.4664]
      },
      {
        "key": ["N", "hbo", "2", "O", "hbo", "2", "bo", "2"],
        "value": [2.0039]
      },
      {
        "key": ["N", "hbo", "2", "P", "hbo", "2", "bo", "1"],
        "value": [1.7766]
      },
      {
        "key": ["N", "hbo", "2", "S", "hbo", "1", "bo", "1"],
        "value": [1.4003]
      },
      {
        "key": ["N", "hbo", "2", "S", "hbo", "2", "bo", "1"],
        "value": [6.4703]
      },
      {
        "key": ["N", "hbo", "2", "S", "hbo", "2", "bo", "2"],
        "value": [1.1451]
      },
      {
        "key": ["O", "hbo", "1", "O", "hbo", "1", "bo", "1"],
        "value": [1.9531]
      },
      {
        "key": ["O", "hbo", "1", "P", "hbo", "2", "bo", "1"],
        "value": [1.9081]
      },
      {
        "key": ["O", "hbo", "1", "S", "hbo", "1", "bo", "1"],
        "value": [2.2042]
      },
      {
        "key": ["O", "hbo", "1", "S", "hbo", "2", "bo", "1"],
        "value": [7.1233]
      },
      {
        "key": ["O", "hbo", "2", "P", "hbo", "2", "bo", "2"],
        "value": [1.8891]
      },
      {
        "key": ["O", "hbo", "2", "S", "hbo", "2", "bo", "2"],
        "value": [2.5824]
      },
      {
        "key": ["P", "hbo", "2", "S", "hbo", "1", "bo", "1"],
        "value": [1.6807]
      },
      {
        "key": ["P", "hbo", "2", "S", "hbo", "2", "bo", "2"],
        "value": [1.9696]
      },
      {
        "key": ["S", "hbo", "1", "S", "hbo", "1", "bo", "1"],
        "value": [53.9959]
      }
    ]
  }
}
