{
  "metadata": {
    "method": "sqe",
    "name": "Schindler 2021 (DTP_small)",
    "publication": "10.1186/s13321-021-00528-w"
  },
  "atom": {
    "names": ["electronegativity", "hardness", "width"],
    "data": [
      {
        "key": ["C", "hbo", "1"],
        "value": [-9.0133, 0.8077, -0.7823]
      },
      {
        "key": ["C", "hbo", "2"],
        "value": [-8.4533, 1.0976, 0.4683]
      },
      {
        "key": ["H", "hbo", "1"],
        "value": [-9.441, 1.2703, 0.8619]
      },
      {
        "key": ["N", "hbo", "1"],
        "value": [-8.181, 1.2644, 0.3621]
      },
      {
        "key": ["N", "hbo", "2"],
        "value": [-8.158, 1.0918, -0.5269]
      },
      {
        "key": ["O", "hbo", "1"],
        "value": [-7.7351, 1.546, -0.0]
      },
      {
        "key": ["O", "hbo", "2"],
        "value": [-7.775, 0.3824, -0.4565]
      },
      {
        "key": ["S", "hbo", "1"],
        "value": [-9.1638, -0.1425, 0.8634]
      }
    ]
  },
  "bond": {
    "names": ["kappa"],
    "data": [
      {
        "key": ["C", "hbo", "1", "C", "hbo", "1", "bo", "1"],
        "value": [1.8566]
      },
      {
        "key": ["C", "hbo", "1", "C", "hbo", "2", "bo", "1"],
        "value": [14390.9266]
      },
      {
        "key": ["C", "hbo", "1", "H", "hbo", "1", "bo", "1"],
        "value": [1.0731]
      },
      {
        "key": ["C", "hbo", "1", "N", "hbo", "1", "bo", "1"],
        "value": [3.0794]
      },
      {
        "key": ["C", "hbo", "1", "N", "hbo", "2", "bo", "1"],
        "value": [3.838]
      },
      {
        "key": ["C", "hbo", "1", "O", "hbo", "1", "bo", "1"],
        "value": [2.7455]
      },
      {
        "key": ["C", "hbo", "1", "S", "hbo", "1", "bo", "1"],
        "value": [2.2931]
      },
      {
        "key": ["C", "hbo", "2", "C", "hbo", "2", "bo", "1"],
        "value": [1.3529]
      },
      {
        "key": ["C", "hbo", "2", "C", "hbo", "2", "bo", "2"],
        "value": [0.353]
      },
      {
        "key": ["C", "hbo", "2", "H", "hbo", "1", "bo", "1"],
        "value": [3.5196]
      },
      {
        "key": ["C", "hbo", "2", "N", "hbo", "1", "bo", "1"],
        "value": [1.3976]
      },
      {
        "key": ["C", "hbo", "2", "N", "hbo", "2", "bo", "1"],
        "value": [0.9892]
      },
      {
        "key": ["C", "hbo", "2", "N", "hbo", "2", "bo", "2"],
        "value": [0.3964]
      },
      {
        "key": ["C", "hbo", "2", "O", "hbo", "1", "bo", "1"],
        "value": [1.3505]
      },
      {
        "key": ["C", "hbo", "2", "O", "hbo", "2", "bo", "2"],
        "value": [1.4566]
      },
      {
        "key": ["C", "hbo", "2", "S", "hbo", "1", "bo", "1"],
        "value": [5.3201]
      },
      {
        "key": ["H", "hbo", "1", "N", "hbo", "1", "bo", "1"],
        "value": [2.1825]
      },
      {
        "key": ["H", "hbo", "1", "N", "hbo", "2", "bo", "1"],
        "value": [2.0287]
      },
      {
        "key": ["H", "hbo", "1", "O", "hbo", "1", "bo", "1"],
        "value": [2.1523]
      },
      {
        "key": ["H", "hbo", "1", "S", "hbo", "1", "bo", "1"],
        "value": [2.5289]
      },
      {
        "key": ["N", "hbo", "1", "N", "hbo", "1", "bo", "1"],
        "value": [2.7051]
      },
      {
        "key": ["N", "hbo", "1", "N", "hbo", "2", "bo", "1"],
        "value": [0.529]
      },
      {
        "key": ["N", "hbo", "1", "O", "hbo", "1", "bo", "1"],
        "value": [0.942]
      },
      {
        "key": ["N", "hbo", "2", "N", "hbo", "2", "bo", "1"],
        "value": [0.2071]
      },
      {
        "key": ["N", "hbo", "2", "N", "hbo", "2", "bo", "2"],
        "value": [0.0034]
      },
      {
        "key": ["N", "hbo", "2", "O", "hbo", "1", "bo", "1"],
        "value": [0.3515]
      },
      {
        "key": ["N", "hbo", "2", "O", "hbo", "2", "bo", "2"],
        "value": [1.3143]
      },
      {
        "key": ["N", "hbo", "2", "S", "hbo", "1", "bo", "1"],
        "value": [3.2445]
      },
      {
        "key": ["O", "hbo", "1", "O", "hbo", "1", "bo", "1"],
        "value": [1.9137]
      },
      {
        "key": ["O", "hbo", "1", "S", "hbo", "1", "bo", "1"],
        "value": [4.5023]
      },
      {
        "key": ["S", "hbo", "1", "S", "hbo", "1", "bo", "1"],
        "value": [3.7518]
      }
    ]
  }
}