{
  "metadata": {
    "method": "sqeqp",
    "name": "Schindler 2021 (CCD_gen)",
    "publication": "10.1186/s13321-021-00528-w"
  },
  "atom": {
    "names": ["electronegativity", "hardness", "width", "q0"],
    "data": [
      {
        "key": ["Br", "hbo", "1"],
        "value": [1.0504, 0.0984, 1.2323, -2.3992]
      },
      {
        "key": ["C", "hbo", "1"],
        "value": [1.2239, 0.8195, 0.7377, -2.4201]
      },
      {
        "key": ["C", "hbo", "2"],
        "value": [1.8544, 1.0331, 0.5228, -2.3666]
      },
      {
        "key": ["C", "hbo", "3"],
        "value": [1.0364, 1.116, 0.5758, -2.4061]
      },
      {
        "key": ["Cl", "hbo", "1"],
        "value": [-1.1744, 94.8943, -7.516, -2.3599]
      },
      {
        "key": ["F", "hbo", "1"],
        "value": [5.2903, 6.491, -0.0207, -2.3093]
      },
      {
        "key": ["H", "hbo", "1"],
        "value": [0.9376, 4.6083, 0.7579, -2.2978]
      },
      {
        "key": ["N", "hbo", "1"],
        "value": [2.2142, 1.2714, 0.3389, -2.3528]
      },
      {
        "key": ["N", "hbo", "2"],
        "value": [2.1591, 0.8722, -0.6052, -2.3814]
      },
      {
        "key": ["N", "hbo", "3"],
        "value": [1.3673, 1.7868, -0.0107, -2.3671]
      },
      {
        "key": ["O", "hbo", "1"],
        "value": [2.4925, 1.3207, 0.0227, -2.3397]
      },
      {
        "key": ["O", "hbo", "2"],
        "value": [2.4572, -0.4168, 0.7921, -2.3294]
      },
      {
        "key": ["P", "hbo", "2"],
        "value": [-0.486, 1.1527, 0.6468, -2.4221]
      },
      {
        "key": ["S", "hbo", "1"],
        "value": [1.1316, 0.6728, 0.9633, -2.3231]
      },
      {
        "key": ["S", "hbo", "2"],
        "value": [0.2069, 0.9631, 0.9369, -2.5732]
      }
    ]
  },
  "bond": {
    "names": ["kappa"],
    "data": [
      {
        "key": ["Br", "hbo", "1", "C", "hbo", "1", "bo", "1"],
        "value": [2.5283]
      },
      {
        "key": ["Br", "hbo", "1", "C", "hbo", "2", "bo", "1"],
        "value": [4.6806]
      },
      {
        "key": ["C", "hbo", "1", "C", "hbo", "1", "bo", "1"],
        "value": [2.88]
      },
      {
        "key": ["C", "hbo", "1", "C", "hbo", "2", "bo", "1"],
        "value": [628.2353]
      },
      {
        "key": ["C", "hbo", "1", "C", "hbo", "3", "bo", "1"],
        "value": [2.2574]
      },
      {
        "key": ["C", "hbo", "1", "Cl", "hbo", "1", "bo", "1"],
        "value": [102.1869]
      },
      {
        "key": ["C", "hbo", "1", "F", "hbo", "1", "bo", "1"],
        "value": [4.598]
      },
      {
        "key": ["C", "hbo", "1", "H", "hbo", "1", "bo", "1"],
        "value": [-2.0301]
      },
      {
        "key": ["C", "hbo", "1", "N", "hbo", "1", "bo", "1"],
        "value": [3.7249]
      },
      {
        "key": ["C", "hbo", "1", "N", "hbo", "2", "bo", "1"],
        "value": [5.6253]
      },
      {
        "key": ["C", "hbo", "1", "O", "hbo", "1", "bo", "1"],
        "value": [2.8047]
      },
      {
        "key": ["C", "hbo", "1", "P", "hbo", "2", "bo", "1"],
        "value": [3.1129]
      },
      {
        "key": ["C", "hbo", "1", "S", "hbo", "1", "bo", "1"],
        "value": [1.1513]
      },
      {
        "key": ["C", "hbo", "1", "S", "hbo", "2", "bo", "1"],
        "value": [0.7923]
      },
      {
        "key": ["C", "hbo", "2", "C", "hbo", "2", "bo", "1"],
        "value": [1.8352]
      },
      {
        "key": ["C", "hbo", "2", "C", "hbo", "2", "bo", "2"],
        "value": [0.4172]
      },
      {
        "key": ["C", "hbo", "2", "C", "hbo", "3", "bo", "1"],
        "value": [10.9007]
      },
      {
        "key": ["C", "hbo", "2", "Cl", "hbo", "1", "bo", "1"],
        "value": [-3.4572]
      },
      {
        "key": ["C", "hbo", "2", "F", "hbo", "1", "bo", "1"],
        "value": [3.261]
      },
      {
        "key": ["C", "hbo", "2", "H", "hbo", "1", "bo", "1"],
        "value": [1.246]
      },
      {
        "key": ["C", "hbo", "2", "N", "hbo", "1", "bo", "1"],
        "value": [1.9389]
      },
      {
        "key": ["C", "hbo", "2", "N", "hbo", "2", "bo", "1"],
        "value": [1.6678]
      },
      {
        "key": ["C", "hbo", "2", "N", "hbo", "2", "bo", "2"],
        "value": [0.7997]
      },
      {
        "key": ["C", "hbo", "2", "O", "hbo", "1", "bo", "1"],
        "value": [1.4041]
      },
      {
        "key": ["C", "hbo", "2", "O", "hbo", "2", "bo", "2"],
        "value": [1.8505]
      },
      {
        "key": ["C", "hbo", "2", "P", "hbo", "2", "bo", "1"],
        "value": [5.5802]
      },
      {
        "key": ["C", "hbo", "2", "S", "hbo", "1", "bo", "1"],
        "value": [3.655]
      },
      {
        "key": ["C", "hbo", "2", "S", "hbo", "2", "bo", "1"],
        "value": [3.4003]
      },
      {
        "key": ["C", "hbo", "2", "S", "hbo", "2", "bo", "2"],
        "value": [437.3754]
      },
      {
        "key": ["C", "hbo", "3", "C", "hbo", "3", "bo", "1"],
        "value": [15.9851]
      },
      {
        "key": ["C", "hbo", "3", "C", "hbo", "3", "bo", "3"],
        "value": [-0.0312]
      },
      {
        "key": ["C", "hbo", "3", "H", "hbo", "1", "bo", "1"],
        "value": [-3.3983]
      },
      {
        "key": ["C", "hbo", "3", "N", "hbo", "2", "bo", "1"],
        "value": [8.0095]
      },
      {
        "key": ["C", "hbo", "3", "N", "hbo", "3", "bo", "3"],
        "value": [-0.0635]
      },
      {
        "key": ["C", "hbo", "3", "O", "hbo", "1", "bo", "1"],
        "value": [4.0775]
      },
      {
        "key": ["C", "hbo", "3", "S", "hbo", "1", "bo", "1"],
        "value": [-0.7733]
      },
      {
        "key": ["F", "hbo", "1", "P", "hbo", "2", "bo", "1"],
        "value": [2.6359]
      },
      {
        "key": ["F", "hbo", "1", "S", "hbo", "2", "bo", "1"],
        "value": [2.4911]
      },
      {
        "key": ["H", "hbo", "1", "N", "hbo", "1", "bo", "1"],
        "value": [-0.5784]
      },
      {
        "key": ["H", "hbo", "1", "N", "hbo", "2", "bo", "1"],
        "value": [0.0777]
      },
      {
        "key": ["H", "hbo", "1", "O", "hbo", "1", "bo", "1"],
        "value": [-0.7274]
      },
      {
        "key": ["H", "hbo", "1", "P", "hbo", "2", "bo", "1"],
        "value": [6.9958]
      },
      {
        "key": ["H", "hbo", "1", "S", "hbo", "1", "bo", "1"],
        "value": [-2.8471]
      },
      {
        "key": ["H", "hbo", "1", "S", "hbo", "2", "bo", "1"],
        "value": [33.3706]
      },
      {
        "key": ["N", "hbo", "1", "N", "hbo", "1", "bo", "1"],
        "value": [33.6991]
      },
      {
        "key": ["N", "hbo", "1", "N", "hbo", "2", "bo", "1"],
        "value": [1.2173]
      },
      {
        "key": ["N", "hbo", "1", "O", "hbo", "1", "bo", "1"],
        "value": [0.5198]
      },
      {
        "key": ["N", "hbo", "1", "P", "hbo", "2", "bo", "1"],
        "value": [3.477]
      },
      {
        "key": ["N", "hbo", "1", "S", "hbo", "2", "bo", "1"],
        "value": [2.0819]
      },
      {
        "key": ["N", "hbo", "2", "N", "hbo", "2", "bo", "1"],
        "value": [33.1795]
      },
      {
        "key": ["N", "hbo", "2", "N", "hbo", "2", "bo", "2"],
        "value": [0.8076]
      },
      {
        "key": ["N", "hbo", "2", "O", "hbo", "1", "bo", "1"],
        "value": [0.5518]
      },
      {
        "key": ["N", "hbo", "2", "O", "hbo", "2", "bo", "2"],
        "value": [1.7046]
      },
      {
        "key": ["N", "hbo", "2", "P", "hbo", "2", "bo", "1"],
        "value": [4.2327]
      },
      {
        "key": ["N", "hbo", "2", "S", "hbo", "1", "bo", "1"],
        "value": [2.1958]
      },
      {
        "key": ["N", "hbo", "2", "S", "hbo", "2", "bo", "1"],
        "value": [2.9626]
      },
      {
        "key": ["N", "hbo", "2", "S", "hbo", "2", "bo", "2"],
        "value": [1.4083]
      },
      {
        "key": ["O", "hbo", "1", "O", "hbo", "1", "bo", "1"],
        "value": [2.4183]
      },
      {
        "key": ["O", "hbo", "1", "P", "hbo", "2", "bo", "1"],
        "value": [3.5261]
      },
      {
        "key": ["O", "hbo", "1", "S", "hbo", "1", "bo", "1"],
        "value": [2.8898]
      },
      {
        "key": ["O", "hbo", "1", "S", "hbo", "2", "bo", "1"],
        "value": [2.4162]
      },
      {
        "key": ["O", "hbo", "2", "P", "hbo", "2", "bo", "2"],
        "value": [2.9114]
      },
      {
        "key": ["O", "hbo", "2", "S", "hbo", "2", "bo", "2"],
        "value": [2.4171]
      },
      {
        "key": ["P", "hbo", "2", "S", "hbo", "1", "bo", "1"],
        "value": [8.2426]
      },
      {
        "key": ["P", "hbo", "2", "S", "hbo", "2", "bo", "2"],
        "value": [-0.3808]
      },
      {
        "key": ["S", "hbo", "1", "S", "hbo", "1", "bo", "1"],
        "value": [39.601]
      }
    ]
  }
}