{
  "methods": [
    {
      "name": "SQE+qp",
      "internal_name": "sqeqp",
      "full_name": "Split-charge equilibration with parametrized initial charges",
      "publication": "10.1186/s13321-021-00528-w",
      "type": "3D",
      "has_parameters": true
    },
    {
      "name": "EEM",
      "internal_name": "eem",
      "full_name": "Electronegativity Equalization Method",
      "publication": "10.1021/ja00275a013",
      "type": "3D",
      "has_parameters": true
    },
    {
      "name": "ABEEM",
      "internal_name": "abeem",
      "full_name": "Atom-Bond Electronegativity Equalization Method",
      "publication": "10.1021/jp9711048",
      "type": "3D",
      "has_parameters": true
    },
    {
      "name": "SFKEEM",
      "internal_name": "sfkeem",
      "full_name": "Selfconsistent Functional Kernel Equalized Electronegativity Method",
      "publication": "10.1021/ci050505e",
      "type": "3D",
      "has_parameters": true
    },
    {
      "name": "QEq",
      "internal_name": "qeq",
      "full_name": "Charge Equilibration",
      "publication": "10.1021/j100161a070",
      "type": "3D",
      "has_parameters": true
    },
    {
      "name": "SMP/QEq",
      "internal_name": "smpqeq",
      "full_name": "Self-Consistent Charge Equilibration Method",
      "publication": "10.1021/jp8063273",
      "type": "3D",
      "has_parameters": true
    },
    {
      "name": "EQeq",
      "internal_name": "eqeq",
      "full_name": "Extended Charge Equilibration Method",
      "publication": "10.1021/jz3008485",
      "type": "3D",
      "has_parameters": false
    },
    {
      "name": "EQeq+C",
      "internal_name": "eqeqc",
      "full_name": "Bond-Order-Corrected Extended Charge Equilibration Method",
      "publication": "10.1021/acs.jctc.5b00037",
      "type": "3D",
      "has_parameters": true
    },
    {
      "name": "DelRe",
      "internal_name": "delre",
      "full_name": "Method of Del Re",
      "publication": "10.1039/JR9580004031",
      "type": "2D",
      "has_parameters": true
    },
    {
      "name": "PEOE",
      "internal_name": "peoe",
      "full_name": "Partial Equalization of Atomic Electronegativity",
      "publication": "10.1016/0040-4020(80)80168-2",
      "type": "2D",
      "has_parameters": true
    },
    {
      "name": "MPEOE",
      "internal_name": "mpeoe",
      "full_name": "Modified Partial Equalization of Atomic Electronegativity",
      "publication": "10.1021/j100374a066",
      "type": "2D",
      "has_parameters": true
    },
    {
      "name": "GDAC",
      "internal_name": "gdac",
      "full_name": "Geometry-Dependent Net Atomic Charges",
      "publication": "10.1021/jp0023213",
      "type": "3D",
      "has_parameters": true
    },
    {
      "name": "SQE",
      "internal_name": "sqe",
      "full_name": "Split-charge equilibration",
      "publication": "10.1063/1.2346671",
      "type": "3D",
      "has_parameters": true
    },
    {
      "name": "SQE+q0",
      "internal_name": "sqeq0",
      "full_name": "Split-charge equilibration with initial formal charges",
      "publication": "10.1021/ct200512e",
      "type": "3D",
      "has_parameters": true
    },
    {
      "name": "MGC",
      "internal_name": "mgc",
      "full_name": "Molecular Graph Charge",
      "publication": "10.1002/poc.378",
      "type": "2D",
      "has_parameters": false
    },
    {
      "name": "KCM",
      "internal_name": "kcm",
      "full_name": "Kirchhoff Charge Model",
      "publication": "10.1002/jcc.20892",
      "type": "2D",
      "has_parameters": true
    },
    {
      "name": "DENR",
      "internal_name": "denr",
      "full_name": "Dynamical Electronegativity Relaxation",
      "publication": "10.1080/10629360701844142",
      "type": "2D",
      "has_parameters": true
    },
    {
      "name": "TSEF",
      "internal_name": "tsef",
      "full_name": "Topologically Symmetrical Energy Function",
      "publication": "10.1080/10629360701844142",
      "type": "2D",
      "has_parameters": true
    },
    {
      "name": "Charge2",
      "internal_name": "charge2",
      "full_name": "Charge2",
      "publication": "10.1002/jcc.540030316",
      "type": "2D",
      "has_parameters": true
    },
    {
      "name": "VEEM",
      "internal_name": "veem",
      "full_name": "Valence Electrons Equalization Method",
      "publication": "10.1088/1674-0068/24/01/31-39",
      "type": "2D",
      "has_parameters": false
    },
    {
      "name": "Formal charges (from file)",
      "internal_name": "formal",
      "full_name": "Formal charges",
      "type": "other",
      "publication": null,
      "has_parameters": false
    }
  ]
}
