{
  "metadata": {
    "name": "Racek 2016 (ccd2016_npa)",
    "method": "eem",
    "publication": "10.1186/s13321-016-0171-1"
  },
  "common": {
    "names": ["kappa"],
    "values": [0.5125]
  },
  "atom": {
    "names": ["A", "B"],
    "data": [
      {
        "key": ["C", "hbo", "1"],
        "value": [2.7221, 0.6403]
      },
      {
        "key": ["C", "hbo", "2"],
        "value": [2.7667, 0.6513]
      },
      {
        "key": ["C", "hbo", "3"],
        "value": [2.6944, 0.6776]
      },
      {
        "key": ["O", "hbo", "1"],
        "value": [3.1503, 1.0577]
      },
      {
        "key": ["O", "hbo", "2"],
        "value": [3.0486, 0.8410]
      },
      {
        "key": ["H", "hbo", "1"],
        "value": [2.5473, 1.1641]
      },
      {
        "key": ["N", "hbo", "1"],
        "value": [2.9750, 0.9083]
      },
      {
        "key": ["N", "hbo", "2"],
        "value": [2.8895, 0.6647]
      },
      {
        "key": ["N", "hbo", "3"],
        "value": [3.0240, 1.4240]
      },
      {
        "key": ["F", "hbo", "1"],
        "value": [2.9976, 0.9983]
      },
      {
        "key": ["S", "hbo", "1"],
        "value": [2.6511, 0.4897]
      },
      {
        "key": ["S", "hbo", "2"],
        "value": [2.6471, 0.4512]
      },
      {
        "key": ["Cl", "hbo", "1"],
        "value": [2.7026, 1.1537]
      },
      {
        "key": ["P", "hbo", "2"],
        "value": [2.2933, 0.5759]
      },
      {
        "key": ["Br", "hbo", "1"],
        "value": [2.6263, 1.1105]
      }
    ]
  }
}