{
  "metadata": {
    "name": "Ouyang 2009 (hybridization-dependent)",
    "method": "eem",
    "publication": "10.1039/b821696g"
  },
  "common": {
    "names": ["kappa"],
    "values": [1.0]
  },
  "atom": {
    "names": ["A", "B"],
    "data": [
      {
        "key": ["C", "hbo", "1"],
        "value": [8.1092, 1.4066]
      },
      {
        "key": ["C", "hbo", "2"],
        "value": [7.9852, 1.2708]
      },
      {
        "key": ["C", "hbo", "3"],
        "value": [7.8746, 1.2486]
      },
      {
        "key": ["H", "hbo", "1"],
        "value": [7.5196, 2.5372]
      },
      {
        "key": ["N", "hbo", "1"],
        "value": [8.6563, 1.7886]
      },
      {
        "key": ["N", "hbo", "2"],
        "value": [8.3901, 1.6174]
      },
      {
        "key": ["N", "hbo", "3"],
        "value": [8.1462, 1.6332]
      },
      {
        "key": ["O", "hbo", "1"],
        "value": [9.854, 3.4962]
      },
      {
        "key": ["O", "hbo", "2"],
        "value": [9.2413, 2.7994]
      }
    ]
  }
}