{
  "metadata": {
    "name": "Ionescu 2013 (EX-MPA_6-31Gd_gas)",
    "method": "eem",
    "publication": "10.1021/ci400448n",
    "source": "protein"
  },
  "common": {
    "names": ["kappa"],
    "values": [0.007]
  },
  "atom": {
    "names": ["A", "B"],
    "data": [
      {
        "key": ["C", "hbo", "1"],
        "value": [2.461646, 0.009552]
      },
      {
        "key": ["C", "hbo", "2"],
        "value": [2.461874, 0.008322]
      },
      {
        "key": ["Ca", "hbo", "1"],
        "value": [2.448237, 0.013819]
      },
      {
        "key": ["Ca", "hbo", "2"],
        "value": [2.448237, 0.013819]
      },
      {
        "key": ["H", "hbo", "1"],
        "value": [2.45902, 0.015682]
      },
      {
        "key": ["N", "hbo", "1"],
        "value": [2.47513, 0.024068]
      },
      {
        "key": ["N", "hbo", "2"],
        "value": [2.472233, 0.019194]
      },
      {
        "key": ["O", "hbo", "1"],
        "value": [2.479025, 0.026047]
      },
      {
        "key": ["O", "hbo", "2"],
        "value": [2.468212, 0.014356]
      },
      {
        "key": ["S", "hbo", "1"],
        "value": [2.470515, -0.017524]
      }
    ]
  }
}
