{
  "metadata": {
    "name": "Baekelandt 1991",
    "method": "eem",
    "publication": "10.1021/ja00018a003"
  },
  "common": {
    "names": ["kappa"],
    "values": [0.529177249]
  },
  "atom": {
    "names": ["A", "B"],
    "data": [
      {
        "key": ["Al", "hbo", "0"],
        "value": [-0.08230081249168, 0.5639144716741]
      },
      {
        "key": ["Al", "hbo", "1"],
        "value": [-0.08230081249168, 0.5639144716741]
      },
      {
        "key": ["C", "hbo", "1"],
        "value": [0.20875261230905, 0.6652051220984401]
      },
      {
        "key": ["C", "hbo", "2"],
        "value": [0.20875261230905, 0.6652051220984401]
      },
      {
        "key": ["C", "hbo", "3"],
        "value": [0.20875261230905, 0.6652051220984401]
      },
      {
        "key": ["H", "hbo", "1"],
        "value": [0.13932930893060502, 0.8706175897124799]
      },
      {
        "key": ["N", "hbo", "1"],
        "value": [0.38951180598044, 0.9691696816301401]
      },
      {
        "key": ["N", "hbo", "2"],
        "value": [0.38951180598044, 0.9691696816301401]
      },
      {
        "key": ["N", "hbo", "3"],
        "value": [0.38951180598044, 0.9691696816301401]
      },
      {
        "key": ["O", "hbo", "1"],
        "value": [0.3123691265, 0.81457562847366]
      },
      {
        "key": ["O", "hbo", "2"],
        "value": [0.3123691265, 0.81457562847366]
      },
      {
        "key": ["P", "hbo", "0"],
        "value": [0.10677180986168999, 0.46261132648470005]
      },
      {
        "key": ["P", "hbo", "1"],
        "value": [0.10677180986168999, 0.46261132648470005]
      },
      {
        "key": ["P", "hbo", "2"],
        "value": [0.10677180986168999, 0.46261132648470005]
      },
      {
        "key": ["Si", "hbo", "0"],
        "value": [0.04894346471238, 0.47719639224062]
      },
      {
        "key": ["Si", "hbo", "1"],
        "value": [0.04894346471238, 0.47719639224062]
      },
      {
        "key": ["Si", "hbo", "2"],
        "value": [0.04894346471238, 0.47719639224062]
      },
      {
        "key": ["Si", "hbo", "3"],
        "value": [0.04894346471238, 0.47719639224062]
      }
    ]
  }
}