{
  "metadata": {
    "name": "Svobodova 2007 (chal2)",
    "method": "eem",
    "publication": "10.3390/i8070572"
  },
  "common": {
    "names": ["kappa"],
    "values": [0.66]
  },
  "atom": {
    "names": ["A", "B"],
    "data": [
      {
        "key": ["Br", "hbo", "1"],
        "value": [2.496, 1.345]
      },
      {
        "key": ["C", "hbo", "1"],
        "value": [2.503, 0.899]
      },
      {
        "key": ["C", "hbo", "2"],
        "value": [2.516, 0.85]
      },
      {
        "key": ["Cl", "hbo", "1"],
        "value": [2.791, 2.365]
      },
      {
        "key": ["F", "hbo", "1"],
        "value": [2.789, 1.494]
      },
      {
        "key": ["H", "hbo", "1"],
        "value": [2.404, 1.461]
      },
      {
        "key": ["I", "hbo", "1"],
        "value": [2.421, 2.309]
      },
      {
        "key": ["N", "hbo", "1"],
        "value": [2.653, 1.017]
      },
      {
        "key": ["N", "hbo", "2"],
        "value": [2.633, 0.869]
      },
      {
        "key": ["O", "hbo", "1"],
        "value": [2.713, 1.211]
      },
      {
        "key": ["O", "hbo", "2"],
        "value": [2.757, 1.348]
      },
      {
        "key": ["S", "hbo", "1"],
        "value": [2.465, 0.705]
      }
    ]
  }
}