RNDCEQGHIHKMFPST 2.926505358177213 |[1.0, 2.21, -2345.234, 13.3, 1.0, 2.21, -2345.234, 13.3, 1.0, 2.21, -2345.234, 13.3]|
RNDCEQGHILKMFPST 2.926505358177213 |[1.0, 2.21, -2345.234, 13.3, 1.0, 2.21, -2345.234, 13.3, 1.0, 2.21, -2345.234, 13.3]|
RNDCEQGHILKMFPST 2.926505358177213 |1.0 2.21 -2345.234 13.3 1.0 2.21 -2345.234 13.3 1.0 2.21 -2345.234 13.3|
RNDCEQGHIHKMFPST 2.926505358177213 |1.0 2.21 -2345.234 13.3 1.0 2.21 -2345.234 13.3 1.0 2.21 -2345.234 13.3|
RNDCEQGHILKMFPST 2.926505358177213 |1.0 2.21 -2345.234 13.3 1.0 2.21 -2345.234 13.3 1.0 2.21 -2345.234 13.3|
|RNDCEQGHIHKMFPST 2.926505358177213 1.0 2.21 -2345.234 13.3 1.0 2.21 -2345.234 13.3 1.0 2.21 -2345.234 13.3|
|RNDCEQGHILKMFPST 2.926505358177213 1.0 2.21 -2345.234 13.3 1.0 2.21 -2345.234 13.3 1.0 2.21 -2345.234 13.3|
R N D C E Q G H I H K M F P S T | | 2 . 9 2 6 5 0 5 3 5 8 1 7 7 2 1 3 | | 1 . 0 | | 2 . 2 1 | | - 2 3 4 5 . 2 3 4 | | 1 3 . 3 | | 1 . 0 | | 2 . 2 1 | | - 2 3 4 5 . 2 3 4 | | 1 3 . 3 | | 1 . 0 | | 2 . 2 1 | | - 2 3 4 5 . 2 3 4 | | 1 3 . 3
R N D C E Q G H I L K M F P S T | | 2 . 9 2 6 5 0 5 3 5 8 1 7 7 2 1 3 | | 1 . 0 | | 2 . 2 1 | | - 2 3 4 5 . 2 3 4 | | 1 3 . 3 | | 1 . 0 | | 2 . 2 1 | | - 2 3 4 5 . 2 3 4 | | 1 3 . 3 | | 1 . 0 | | 2 . 2 1 | | - 2 3 4 5 . 2 3 4 | | 1 3 . 3
RNDCEQGHIHKMFPST 2.926505358177213 1.0 2.21 -2345.234 13.3 1.0 2.21 -2345.234 13.3 1.0 2.21 -2345.234 13.3
RNDCEQGHILKMFPST 2.926505358177213 1.0 2.21 -2345.234 13.3 1.0 2.21 -2345.234 13.3 1.0 2.21 -2345.234 13.3
